reference,vs,metric,median_diff,ref_better_frac,p,p_holm
td3_full,adaptive_rocof,nadir_hz,-0.00626221335669748,0.55,0.4797442971233997,1.0
td3_full,bang_bang,nadir_hz,-0.13555383135042062,0.7666666666666667,1.2687259124553553e-05,0.0001649343686191962
td3_full,adaptive_rocof,rocof_max_hz_s,-0.019889937533173363,0.5833333333333334,0.8771416661021247,1.0
td3_full,bang_bang,rocof_max_hz_s,-0.06293370412525834,0.7333333333333333,0.0003770396551649619,0.004147436206814581
td3_full,adaptive_rocof,qss_dev_hz,-0.014525349860922007,0.6666666666666666,0.9296070550032541,1.0
td3_full,bang_bang,qss_dev_hz,-0.11728293729403369,0.8333333333333334,0.0002070563842770921,0.0024846766113251055
td3_full,adaptive_rocof,settling_time_s,-0.01000000000000003,0.6,0.5113891099786492,1.0
td3_full,bang_bang,settling_time_s,-0.2350000000000002,0.7833333333333333,0.0005939957834649238,0.005939957834649239
td3_full,adaptive_rocof,bess_energy_kwh,0.012026160450180734,0.3333333333333333,0.2477745633120919,1.0
td3_full,bang_bang,bess_energy_kwh,0.08030954362075493,0.15,5.321343589359556e-08,7.449881025103378e-07
td3_full,adaptive_rocof,saturation_s,0.0,0.16666666666666666,0.017036420262282727,0.13629136209826181
td3_full,bang_bang,saturation_s,0.0,0.06666666666666667,0.22078514733012833,1.0
td3_full,adaptive_rocof,return,0.7128698292648794,0.5333333333333333,0.10375530821437719,0.7262871575006403
td3_full,bang_bang,return,33.43511152661726,0.8333333333333334,0.0008094897440299134,0.00728540769626922
